{
  "project_info": {
    "project_number": "114744536022",
    "project_id": "blabla-chatapp",
    "storage_bucket": "blabla-chatapp.appspot.com"
  },
  "client": [
    {
      "client_info": {
        "mobilesdk_app_id": "1:114744536022:android:8725c030fd70c197f01277",
        "android_client_info": {
          "package_name": "com.example.chatapplication"
        }
      },
      "oauth_client": [
        {
          "client_id": "114744536022-iijprkjmauqrhv3dmhubca1tbq13rjnf.apps.googleusercontent.com",
          "client_type": 3
        }
      ],
      "api_key": [
        {
          "current_key": "AIzaSyBTBw0chKy_Svfg_1J2UvHEo_fsC-e33-o"
        }
      ],
      "services": {
        "appinvite_service": {
          "other_platform_oauth_client": [
            {
              "client_id": "114744536022-iijprkjmauqrhv3dmhubca1tbq13rjnf.apps.googleusercontent.com",
              "client_type": 3
            }
          ]
        }
      }
    }
  ],
  "configuration_version": "1"
}